[Header],,,,,,,,,,
IEMFileVersion,5,,,,,,,,,
Date,2/26/2025,,,,,,,,,
Workflow,GenerateFASTQ,,,,,,,,,
Application,NovaSeq FASTQ Only,,,,,,,,,
Instrument Type,NovaSeq,,,,,,,,,
Assay,,,,,,,,,,
Index Adapters,,,,,,,,,,
Description,,,,,,,,,,
Chemistry,Default,,,,,,,,,
,,,,,,,,,,
[Reads],,,,,,,,,,
101,,,,,,,,,,
115,,,,,,,,,,
,,,,,,,,,,
[Settings],,,,,,,,,,
Adapter,AGATCGGAAGAGCACACGTCTGAACTCCAGTCA,,,,,,,,,
AdapterRead2,AGATCGGAAGAGCGTCGTGTAGGGAAAGAGTGT,,,,,,,,,
,,,,,,,,,,
[Data],,,,,,,,,,
Sample_ID,Sample_Name,Sample_Plate,Sample_Well,Index_Plate_Well,I7_Index_ID,index,I5_Index_ID,index2,Sample_Project,Description
RS-04458874,RS-04458874_sx2499-30min-HS_1_RS-04198018,,,E05,U037,TCGTAGTG,U037,CCAAGTCT,RQ-026748-Prahlad,picoRNA
RS-04458875,RS-04458875_sx2499-30min-HS_2_RS-04198019,,,F05,U038,CTACGACA,U038,TTGGACTC,RQ-026748-Prahlad,picoRNA
RS-04458876,RS-04458876_sx2499-30min-HS_3_RS-04198020,,,G05,U039,TAAGTGGT,U039,GGCTTAAG,RQ-026748-Prahlad,picoRNA
